governate,city,station_name,destination,price
القاهرة,حى الساحل - شبرا,عبود,دمياط,110.0
القاهرة,حى الساحل - شبرا,عبود,رأس البر,140.0
القاهرة,حى الساحل - شبرا,عبود,كفر الشيخ,59.0
القاهرة,حى الساحل - شبرا,عبود,قلين,60.0
القاهرة,حى الساحل - شبرا,عبود,الحامول,65.0
القاهرة,حى الساحل - شبرا,عبود,بيلا,66.0
القاهرة,حى الساحل - شبرا,عبود,بلطيم,85.0
القاهرة,حى الساحل - شبرا,عبود,دسوق,67.0
القاهرة,حى الساحل - شبرا,عبود,فوه,75.0
القاهرة,حى الساحل - شبرا,عبود,مطوبس,78.0
القاهرة,حى الساحل - شبرا,عبود,دمنهور,73.0
القاهرة,حى الساحل - شبرا,عبود,أبو المطامير,74.0
القاهرة,حى الساحل - شبرا,عبود,الدلنجات,73.0
القاهرة,حى الساحل - شبرا,عبود,شبراخيت,65.0
القاهرة,حى الساحل - شبرا,عبود,إيتاى البارود,60.0
القاهرة,حى الساحل - شبرا,عبود,مديرية التحرير,46.0
القاهرة,حى الساحل - شبرا,عبود,مدينة بدر,46.0
القاهرة,حى الساحل - شبرا,عبود,كوم حمادة,50.0
القاهرة,حى الساحل - شبرا,عبود,طنطا,46.0
القاهرة,حى الساحل - شبرا,عبود,السنطة,47.0
القاهرة,حى الساحل - شبرا,عبود,كفر الزيات,50.0
القاهرة,حى الساحل - شبرا,عبود,المحلة الكبرى,60.0
القاهرة,حى الساحل - شبرا,عبود,زفتى,45.0
القاهرة,حى الساحل - شبرا,عبود,شبين الكوم,33.0
القاهرة,حى الساحل - شبرا,عبود,تلا,43.0
القاهرة,حى الساحل - شبرا,عبود,نادر,42.0
القاهرة,حى الساحل - شبرا,عبود,الشهداء,42.0
القاهرة,حى الساحل - شبرا,عبود,منوف,33.0
القاهرة,حى الساحل - شبرا,عبود,قويسنا,31.0
القاهرة,حى الساحل - شبرا,عبود,بركة السبع,33.0
القاهرة,حى الساحل - شبرا,عبود,الزقازيق,45.0
القاهرة,حى الساحل - شبرا,عبود,أبو حماد,40.0
القاهرة,حى الساحل - شبرا,عبود,منيا القمح,30.0
القاهرة,حى الساحل - شبرا,عبود,بلبيس,30.0
القاهرة,حى الساحل - شبرا,عبود,ديرب نجم,50.0
القاهرة,حى الساحل - شبرا,عبود,فاقوس,56.0
القاهرة,حى الساحل - شبرا,عبود,أبو كبير,50.0
القاهرة,حى الساحل - شبرا,عبود,ههيا,40.0
القاهرة,حى الساحل - شبرا,عبود,كفر صقر,60.0
القاهرة,حى الساحل - شبرا,عبود,الإبراهيمية,50.0
القاهرة,حى الساحل - شبرا,عبود,الحسينية,67.0
القاهرة,حى الساحل - شبرا,عبود,أولاد صقر,62.0
القاهرة,حى الساحل - شبرا,عبود,المنصورة,59.0
القاهرة,حى الساحل - شبرا,عبود,دكرنس,65.0
القاهرة,حى الساحل - شبرا,عبود,السنبلاوين,60.0
القاهرة,حى الساحل - شبرا,عبود,شربين,62.0
القاهرة,حى الساحل - شبرا,عبود,المنزلة,88.0
القاهرة,حى الساحل - شبرا,عبود,منية النصر,66.0
القاهرة,حى الساحل - شبرا,عبود,بلقاس,66.0
القاهرة,حى الساحل - شبرا,عبود,ميت غمر,42.0
القاهرة,حى الساحل - شبرا,عبود,جمصة,81.0
القاهرة,حى الساحل - شبرا,عبود,الإسكندرية,120.0
القاهرة,حى الساحل - شبرا,عبود,الإسكندرية (مكيف),130.0
القاهرة,حى الساحل - شبرا,عبود,الفيوم,55.0
القاهرة,حى الساحل - شبرا,عبود,يوسف الصديق,62.0
القاهرة,حى الساحل - شبرا,عبود,بنى سويف,72.0
القاهرة,حى الساحل - شبرا,عبود,الواسطى,72.0
القاهرة,حى الساحل - شبرا,عبود,المنيا,170.0
القاهرة,حى الساحل - شبرا,عبود,أسيوط,205.0
القاهرة,حى الساحل - شبرا,عبود,سوهاج,245.0
القاهرة,حى الساحل - شبرا,عبود,الوادى الجديد,290.0
القاهرة,السلام,السلام,الزقازيق,38.0
القاهرة,السلام,السلام,فاقوس,52.0
القاهرة,السلام,السلام,الحسينية,56.0
القاهرة,السلام,السلام,أبو كبير,46.0
القاهرة,السلام,السلام,كفر صقر,50.0
القاهرة,السلام,السلام,أولاد صقر,61.0
القاهرة,السلام,السلام,ديرب نجم,46.0
القاهرة,السلام,السلام,الإبراهيمية,46.0
القاهرة,السلام,السلام,القرين,43.0
القاهرة,السلام,السلام,بلبيس,23.0
القاهرة,السلام,السلام,أبو حماد,37.0
القاهرة,السلام,السلام,ههيا,40.0
القاهرة,السلام,السلام,العاشر من رمضان,25.0
القاهرة,السلام,السلام,الصالحية الجديدة,55.0
القاهرة,السلام,السلام,طنطا,52.0
القاهرة,السلام,السلام,المحلة الكبرى,60.0
القاهرة,السلام,السلام,سمنود,60.0
القاهرة,السلام,السلام,زفتى,41.0
القاهرة,السلام,السلام,السنطة,46.0
القاهرة,السلام,السلام,بسيون,60.0
القاهرة,السلام,السلام,المنصورة,61.0
القاهرة,السلام,السلام,السنبلاوين,60.0
القاهرة,السلام,السلام,أجا,48.0
القاهرة,السلام,السلام,المنزلة,87.0
القاهرة,السلام,السلام,دكرنس,65.0
القاهرة,السلام,السلام,منية النصر,65.0
القاهرة,السلام,السلام,ميت غمر,45.0
القاهرة,السلام,السلام,شربين,61.0
القاهرة,السلام,السلام,دمنهور,71.0
القاهرة,السلام,السلام,أبو حمص,73.0
القاهرة,السلام,السلام,حوش عيسى,71.0
القاهرة,السلام,السلام,رشيد,140.0
القاهرة,السلام,السلام,كفر الشيخ,61.0
القاهرة,السلام,السلام,الرياض,65.0
القاهرة,السلام,السلام,فوه,75.0
القاهرة,السلام,السلام,مطوبس,80.0
القاهرة,السلام,السلام,شبين الكوم,35.0
القاهرة,السلام,السلام,قويسنا,32.0
القاهرة,السلام,السلام,بركة السبع,33.0
القاهرة,السلام,السلام,دمياط,110.0
القاهرة,السلام,السلام,رأس البر,130.0
القاهرة,السلام,السلام,بنها,28.0
القاهرة,السلام,السلام,كفر شكر,31.0
القاهرة,السلام,السلام,المؤسسة,9.0
القاهرة,السلام,السلام,الشباب والعبور,12.0
القاهرة,السلام,السلام,العبور الجديدة,15.0
القاهرة,السلام,السلام,بنى سويف,70.0
القاهرة,السلام,السلام,الفيوم,60.0
القاهرة,السلام,السلام,الإسكندرية,115.0
القاهرة,السلام,السلام,الإسكندرية (مكيف),125.0
القاهرة,السلام,السلام,الهرم,16.0
القاهرة,السلام,السلام,6 اكتوبر,26.0
القاهرة,السلام,السلام,مدينة بدر,20.0
القاهرة,السلام,السلام,المستقبل,15.0
القاهرة,السلام,السلام,الشروق,16.0
القاهرة,السلام,السلام,العاصمة الإدارية,45.0
القاهرة,السلام,السلام,التجمع الخامس,16.0
القاهرة,السلام,السلام,مدينتى,22.0
القاهرة,السلام,السلام,الرحاب,16.0
القاهرة,السلام,السلام,الحى العاشر,15.0
القاهرة,المرج,المرج,أسيوط,215.0
القاهرة,المرج,المرج,سوهاج,240.0
القاهرة,المرج,المرج,الفيوم,55.0
القاهرة,المرج,المرج,أبشواى,57.0
القاهرة,المرج,المرج,قنا,270.0
القاهرة,المرج,المرج,ملوى,190.0
القاهرة,المرج,المرج,المنيا,170.0
القاهرة,المرج,المرج,بنى سويف,70.0
القاهرة,المرج,المرج,الواسطى,63.0
القاهرة,المرج,المرج,يوسف الصديق,63.0
القاهرة,المرج,المرج,الوادى الجديد,285.0
القاهرة,المرج,المرج,السويس,63.0
القاهرة,المرج,المرج,السويس (بيجو),63.0
القاهرة,المرج,المرج,بورتو السخنة,85.0
القاهرة,المرج,المرج,الإسماعيلية,55.0
القاهرة,المرج,المرج,الإسماعيلية (بيجو),55.0
القاهرة,المرج,المرج,فايد,65.0
القاهرة,المرج,المرج,فايد (بيجو),56.0
القاهرة,المرج,المرج,القصاصين,50.0
القاهرة,المرج,المرج,القنطرة,68.0
القاهرة,المرج,المرج,التل الكبير,51.0
القاهرة,المرج,المرج,بورسعيد,120.0
القاهرة,المرج,المرج,بورسعيد (بيجو),120.0
القاهرة,المرج,المرج,الطور,145.0
القاهرة,المرج,المرج,نويبع,230.0
القاهرة,المرج,المرج,رأس سدر,123.0
القاهرة,المرج,المرج,العريش,140.0
القاهرة,المرج,المرج,العريش (بيجو),140.0
القاهرة,المرج,المرج,رفح,170.0
القاهرة,المرج,المرج,العلمين,175.0
القاهرة,المرج,المرج,العلمين (مكيف),190.0
القاهرة,المرج,المرج,الإسكندرية,115.0
القاهرة,المرج,المرج,الإسكندرية (مكيف),125.0
القاهرة,المرج,المرج,العاشر من رمضان,27.0
القاهرة,المرج,المرج,فاقوس,60.0
القاهرة,المرج,المرج,بلبيس,27.0
القاهرة,المرج,المرج,الزقازيق,43.0
القاهرة,المرج,المرج,ديرب نجم,50.0
القاهرة,المرج,المرج,6 اكتوبر,25.0
القاهرة,المرج,المرج,6 اكتوبر (قديم),28.0
القاهرة,المرج,المرج,الهرم,15.0
القاهرة,المرج,المرج,كفر الدوار,75.0
القاهرة,المرج,المرج,بنها,22.0
القاهرة,المرج,المرج,المنصورة,55.0
القاهرة,المرج,المرج,المنصورة الجدية,90.0
القاهرة,المرج,المرج,شربين,60.0
القاهرة,المرج,المرج,دمياط الجديدة,115.0
القاهرة,المرج,المرج,طنطا,48.0
القاهرة,المرج,المرج,المحلة الكبرى,55.0
القاهرة,المرج,المرج,كفر الشيخ,58.0
القاهرة,المرج,المرج,العاصمة الإدارية,50.0
القاهرة,المرج,المرج,مدينة بدر,23.0
القاهرة,المرج,المرج,عبود,14.0
القاهرة,المرج,المرج,الزاوية الحمراء,14.0
القاهرة,المرج,المرج,مسطرد,9.0
القاهرة,المرج,المرج,الدائرى,9.0
القاهرة,المرج,المرج,عزبة - مترو,9.0
القاهرة,حلوان,عين حلوان,بنى سويف,60.0
القاهرة,حلوان,عين حلوان,الواسطى,53.0
القاهرة,حلوان,عين حلوان,المنيا,140.0
القاهرة,حلوان,عين حلوان,أسيوط,205.0
القاهرة,حلوان,عين حلوان,سوهاج,210.0
القاهرة,حلوان,عين حلوان,قنا,220.0
القاهرة,حلوان,عين حلوان,الوادى الجديد,250.0
القاهرة,حلوان,عين حلوان,الفيوم,61.0
القاهرة,حلوان,عين حلوان,أبشواى,63.0
القاهرة,حلوان,عين حلوان,طامية,55.0
القاهرة,حلوان,عين حلوان,سنورس,55.0
القاهرة,حلوان,عين حلوان,يوسف الصديق,65.0
القاهرة,حلوان,عين حلوان,سنهور,61.0
القاهرة,حلوان,عين حلوان,الصف,20.0
القاهرة,حلوان,عين حلوان,أطفيح,28.0
القاهرة,حلوان,عين حلوان,البرمبل,33.0
القاهرة,حلوان,عين حلوان,مدينة بدر,33.0
القاهرة,حلوان,عين حلوان,6 اكتوبر,30.0
القاهرة,حلوان,عين حلوان,العبور,36.0
القاهرة,حلوان,عين حلوان,الزقازيق,40.0
القاهرة,حلوان,عين حلوان,الإسكندرية,125.0
القاهرة,حلوان,عين حلوان,كفر الشيخ,60.0
القاهرة,حلوان,عين حلوان,طنطا,53.0
القاهرة,حلوان,عين حلوان,المحلة الكبرى,61.0
بنى سويف,بنى سويف,بنى سويف,المنيب,68.0
بنى سويف,بنى سويف,بنى سويف,حلوان,60.0
بنى سويف,بنى سويف,بنى سويف,المرج,70.0
بنى سويف,بنى سويف,بنى سويف,6 اكتوبر,60.0
بنى سويف,بنى سويف,بنى سويف,السلام,70.0
بنى سويف,بنى سويف,بنى سويف,مدينة بدر,84.0
بنى سويف,بنى سويف,بنى سويف,عبود,72.0
بنى سويف,بنى سويف,بنى سويف,الإسكندرية,198.0
بنى سويف,بنى سويف,بنى سويف,المنيا,57.0
بنى سويف,بنى سويف,بنى سويف,الفيوم (زراعى),18.0
بنى سويف,بنى سويف,بنى سويف,الفيوم (صحراوى),19.0
بنى سويف,بنى سويف,بنى سويف,شريف باشا,4.5
بنى سويف,بنى سويف,بنى سويف,ناصر,5.0
بنى سويف,بنى سويف,بنى سويف,الزيتون,6.0
بنى سويف,بنى سويف,بنى سويف,بنى عدى,6.0
بنى سويف,بنى سويف,بنى سويف,إشمنت,7.0
بنى سويف,بنى سويف,بنى سويف,الميمون,7.0
بنى سويف,بنى سويف,بنى سويف,بنى حدير,8.0
بنى سويف,بنى سويف,بنى سويف,الواسطى,12.0
بنى سويف,بنى سويف,بنى سويف,دلاص,6.0
بنى سويف,بنى سويف,بنى سويف,طنسا الملق,6.0
بنى سويف,بنى سويف,بنى سويف,طنسا بنى مالو,5.0
بنى سويف,بنى سويف,بنى سويف,بنى قاسم,6.0
بنى سويف,بنى سويف,بنى سويف,ببا,8.0
بنى سويف,بنى سويف,بنى سويف,سدس الأمراء,8.0
بنى سويف,بنى سويف,بنى سويف,باروط,6.0
بنى سويف,بنى سويف,بنى سويف,إهوة,6.0
بنى سويف,بنى سويف,بنى سويف,الفشن,14.0
بنى سويف,بنى سويف,بنى سويف,قنبش الحمراء,7.0
بنى سويف,بنى سويف,بنى سويف,الحلابية,6.0
بنى سويف,بنى سويف,بنى سويف,تزمنت الشرقية,5.0
بنى سويف,بنى سويف,بنى سويف,سمسطا,14.0
بنى سويف,بنى سويف,بنى سويف,إهناسيا الخضراء,5.0
بنى سويف,بنى سويف,بنى سويف,إهناسيا المدينة,8.0
بنى سويف,بنى سويف,بنى سويف,اللاهون,10.0
بنى سويف,بنى سويف,بنى سويف,نعيم,5.0
بنى سويف,بنى سويف,بنى سويف,طحا بوش,5.0
بنى سويف,بنى سويف,بنى سويف,باها,8.0
بنى سويف,بنى سويف,بنى سويف,المسيد الأبيض,6.0
بنى سويف,بنى سويف,بنى سويف,المدينة شرق النيل,5.0
بنى سويف,بنى سويف,بنى سويف,العلالمة,8.0
بنى سويف,بنى سويف,بنى سويف,الورشة,8.0
بنى سويف,بنى سويف,بنى سويف,بياض العرب,5.0
بنى سويف,بنى سويف,بنى سويف,بنى سليمان,5.0
بنى سويف,بنى سويف,بنى سويف,جزيرة أبو صالح,8.5
بنى سويف,بنى سويف,بنى سويف,سنور,8.0
بنى سويف,بنى سويف,بنى سويف,البرمبل,16.0
بنى سويف,بنى سويف,بنى سويف,تل الناروز,5.0
بنى سويف,بنى سويف,بنى سويف,بنى هارون,5.0
بنى سويف,بنى سويف,بنى سويف,بنى عفان,5.0
بنى سويف,بنى سويف,بنى سويف,بنى بخيت,5.0
بنى سويف,بنى سويف,بنى سويف,غياضة الغربية,6.0
بنى سويف,بنى سويف,بنى سويف,شاويش,6.0
بنى سويف,بنى سويف,بنى سويف,بلفيا,5.0
بنى سويف,بنى سويف,بنى سويف,إبشنا,6.0
بنى سويف,بنى سويف,بنى سويف,دنديل,7.0
بنى سويف,بنى سويف,بنى سويف,أبو صير الملق,10.0
بنى سويف,بنى سويف,بنى سويف,بهبشين,7.0
بنى سويف,بنى سويف,بنى سويف,السعادنة,7.0
بنى سويف,بنى سويف,بنى سويف,دموشيا,5.0
بنى سويف,بنى سويف,بنى سويف,كوم أبو خلاد,8.0
بنى سويف,بنى سويف,بنى سويف,قاى,8.0
بنى سويف,بنى سويف,بنى سويف,الضباعنة,5.0
بنى سويف,بنى سويف,بنى سويف,الملاحية,6.0
بنى سويف,بنى سويف,بنى سويف,عزبة معارك,5.0
بنى سويف,بنى سويف,بنى سويف,الحاجر,8.0
بنى سويف,بنى سويف,بنى سويف,اسكندر تل منصور,7.0
بنى سويف,بنى سويف,بنى سويف,رياض باشا,5.0
بنى سويف,بنى سويف,بنى سويف,معصرة نعسان,8.0
بنى سويف,بنى سويف,بنى سويف,عزبة على حمودة,6.0
بنى سويف,ببا,ببا,المنيب,69.0
بنى سويف,ببا,ببا,بنى سويف,8.0
بنى سويف,ببا,ببا,المرج,77.0
بنى سويف,ببا,ببا,الإسكندرية,204.0
بنى سويف,ببا,ببا,السلطانى,5.0
بنى سويف,ببا,ببا,بنى قاسم,5.0
بنى سويف,ببا,ببا,البرانقة,5.0
بنى سويف,ببا,ببا,طنسا بنى مالو,5.0
بنى سويف,ببا,ببا,منشأة عاصم,5.0
بنى سويف,ببا,ببا,سدس الأمراء,5.0
بنى سويف,ببا,ببا,شوشة,5.0
بنى سويف,ببا,ببا,هربشنت,5.0
بنى سويف,ببا,ببا,سراج,5.0
بنى سويف,ببا,ببا,الشراهنة,5.0
بنى سويف,ببا,ببا,الفشن,6.0
بنى سويف,ببا,ببا,طرشوب,5.0
بنى سويف,ببا,ببا,أبو شربان,5.0
بنى سويف,ببا,ببا,البرقى,5.0
بنى سويف,ببا,ببا,صفط رشين,5.0
بنى سويف,ببا,ببا,بنى مؤمنة,5.0
بنى سويف,ببا,ببا,المزرعة,5.0
بنى سويف,ببا,ببا,دشطوط,6.0
بنى سويف,ببا,ببا,عمار والزاوية,7.0
بنى سويف,ببا,ببا,لوبى المحيط,5.0
بنى سويف,ببا,ببا,عزبة هوس,5.0
بنى سويف,ببا,ببا,الشريف,5.0
بنى سويف,ببا,ببا,الإمام,5.0
بنى سويف,ببا,ببا,قنبش الحمراء,5.0
بنى سويف,ببا,ببا,كفر ناصر,5.0
بنى سويف,ببا,ببا,عزبة نجيب,5.0
بنى سويف,ببا,ببا,أبو عدس,5.0
بنى سويف,ببا,ببا,غياضة,5.0
بنى سويف,ببا,ببا,بنى ماضى,5.0
بنى سويف,ببا,ببا,كفر منصور,5.0
بنى سويف,ببا,ببا,اسكندر,5.0
بنى سويف,ببا,ببا,الضباعنة,5.0
بنى سويف,ببا,ببا,سدس البلد,5.0
بنى سويف,ببا,ببا,برامل,5.0
بنى سويف,ببا,ببا,بدهل,5.0
بنى سويف,ببا,ببا,رزقة المشارقة,5.0
بنى سويف,ببا,ببا,نزلة على كيلانى,5.0
بنى سويف,ببا,ببا,طحا البيشة,5.0
بنى سويف,ببا,ببا,هلية,5.0
بنى سويف,ببا,ببا,سمسطا,7.0
بنى سويف,ببا,ببا,كوم الصعايدة,6.0
بنى سويف,الفشن,الفشن,المنيب,73.0
بنى سويف,الفشن,الفشن,بنى سويف,14.0
بنى سويف,الفشن,الفشن,المرج,82.0
بنى سويف,الفشن,الفشن,الإسكندرية,209.0
بنى سويف,الفشن,الفشن,مغاغة,10.0
بنى سويف,الفشن,الفشن,ببا,6.0
بنى سويف,الفشن,الفشن,سدس الأمراء,5.0
بنى سويف,الفشن,الفشن,صفط الخرسا,5.0
بنى سويف,الفشن,الفشن,صفط العرفا,5.0
بنى سويف,الفشن,الفشن,دلهانس,8.0
بنى سويف,الفشن,الفشن,الجفادون,7.0
بنى سويف,الفشن,الفشن,الجمهود,8.0
بنى سويف,الفشن,الفشن,شنرا,8.0
بنى سويف,الفشن,الفشن,منسابة,6.0
بنى سويف,الفشن,الفشن,اقفهص,8.0
بنى سويف,الفشن,الفشن,نزلة اقفهص,6.0
بنى سويف,الفشن,الفشن,البرقى,6.0
بنى سويف,الفشن,الفشن,بكرية,8.0
بنى سويف,الفشن,الفشن,تلت,8.0
بنى سويف,الفشن,الفشن,نزلة البرقى,7.0
بنى سويف,الفشن,الفشن,الكنيسة,7.0
بنى سويف,الفشن,الفشن,صفط النور,6.0
بنى سويف,الفشن,الفشن,بسفا,5.0
بنى سويف,الفشن,الفشن,الفنت,6.0
بنى سويف,الفشن,الفشن,منشأة عمر,7.0
بنى سويف,الفشن,الفشن,صالح فريد,7.0
بنى سويف,الفشن,الفشن,القضابى,5.0
بنى سويف,الفشن,الفشن,الفنت الغربية,5.0
بنى سويف,الفشن,الفشن,الشقر,5.0
بنى سويف,الفشن,الفشن,كفر درويش,7.0
بنى سويف,الفشن,الفشن,ابسوج,5.0
بنى سويف,الفشن,الفشن,نزلة حنا,5.0
بنى سويف,الفشن,الفشن,الزاوية الخضراء,5.0
بنى سويف,الفشن,الفشن,بنى صالح,5.0
بنى سويف,الفشن,الفشن,طلا,8.0
بنى سويف,إهناسيا,إهناسيا,المنيب,68.0
بنى سويف,إهناسيا,إهناسيا,بنى سويف,8.0
بنى سويف,إهناسيا,إهناسيا,المرج,77.0
بنى سويف,إهناسيا,إهناسيا,الإسكندرية,205.0
بنى سويف,إهناسيا,إهناسيا,الشوبك,5.0
بنى سويف,إهناسيا,إهناسيا,وش الباب,5.0
بنى سويف,إهناسيا,إهناسيا,براوة الوقف,6.0
بنى سويف,إهناسيا,إهناسيا,البهسمون,7.0
بنى سويف,إهناسيا,إهناسيا,ميانة,6.0
بنى سويف,إهناسيا,إهناسيا,منهرو,5.0
بنى سويف,إهناسيا,إهناسيا,النويرة,5.0
بنى سويف,إهناسيا,إهناسيا,المسيد الأبيض,5.0
بنى سويف,إهناسيا,إهناسيا,دير براوة,5.0
بنى سويف,إهناسيا,إهناسيا,البدينى,5.0
بنى سويف,إهناسيا,إهناسيا,منشأة كساب,5.0
بنى سويف,إهناسيا,إهناسيا,ننا,5.0
بنى سويف,إهناسيا,إهناسيا,منشأة عبد الصمد,5.0
بنى سويف,إهناسيا,إهناسيا,بهنموة,5.0
بنى سويف,إهناسيا,إهناسيا,ادراسية,6.0
بنى سويف,إهناسيا,إهناسيا,اللاهون,8.0
بنى سويف,إهناسيا,إهناسيا,شرهى,5.0
بنى سويف,إهناسيا,إهناسيا,العواونة,5.0
بنى سويف,إهناسيا,إهناسيا,قاى,5.0
بنى سويف,إهناسيا,إهناسيا,المعصرة,8.0
بنى سويف,إهناسيا,إهناسيا,كوم الرمل البحرى,5.0
بنى سويف,إهناسيا,إهناسيا,بنى هانى,6.0
بنى سويف,إهناسيا,إهناسيا,سدمنت الجبل,5.0
بنى سويف,إهناسيا,إهناسيا,طما فيوم,6.0
بنى سويف,إهناسيا,إهناسيا,كفر أبو شهبة,5.0
بنى سويف,إهناسيا,إهناسيا,المشارقة وقلة,6.0
بنى سويف,إهناسيا,إهناسيا,شاويش,5.0
بنى سويف,إهناسيا,إهناسيا,قلها,5.0
بنى سويف,إهناسيا,إهناسيا,منشأة الأمراء,5.0
بنى سويف,إهناسيا,إهناسيا,الأنصار,9.0
بنى سويف,إهناسيا,إهناسيا,منشأة الحج,5.0
بنى سويف,إهناسيا,إهناسيا,منشأة طاهر,6.0
بنى سويف,إهناسيا,إهناسيا,نزلة خلف,6.0
بنى سويف,إهناسيا,إهناسيا,زكى فاضل,6.0
بنى سويف,إهناسيا,إهناسيا,معصرة نعسان,6.0
بنى سويف,سمسطا,سمسطا,المنيب,73.0
بنى سويف,سمسطا,سمسطا,بنى سويف,14.0
بنى سويف,سمسطا,سمسطا,المرج,82.0
بنى سويف,سمسطا,سمسطا,الإسكندرية,209.0
بنى سويف,سمسطا,سمسطا,سدس الأمراء,6.0
بنى سويف,سمسطا,سمسطا,هلية,5.0
بنى سويف,سمسطا,سمسطا,العساكرة,5.0
بنى سويف,سمسطا,سمسطا,الزاوية,5.0
بنى سويف,سمسطا,سمسطا,نزلة الديب,5.0
بنى سويف,سمسطا,سمسطا,عمار,5.0
بنى سويف,سمسطا,سمسطا,منشأة أبو مليح,5.0
بنى سويف,سمسطا,سمسطا,بنى حلة,5.0
بنى سويف,سمسطا,سمسطا,بدهل,5.0
بنى سويف,سمسطا,سمسطا,الشماشرجى,5.0
بنى سويف,سمسطا,سمسطا,قفطان الشرقية,5.0
بنى سويف,سمسطا,سمسطا,مصطفى آغا,5.0
بنى سويف,سمسطا,سمسطا,عزبة أبو حسانين,5.0
بنى سويف,سمسطا,سمسطا,بنى محمد راشد,5.0
بنى سويف,سمسطا,سمسطا,المحمودية,5.0
بنى سويف,سمسطا,سمسطا,تلت,6.0
بنى سويف,سمسطا,سمسطا,عزبة معوض,5.0
بنى سويف,سمسطا,سمسطا,الشنطور,5.0
بنى سويف,سمسطا,سمسطا,دشطوط,5.0
بنى سويف,سمسطا,سمسطا,دشاشة,5.0
بنى سويف,سمسطا,سمسطا,الشيخ خطاب,5.0
بنى سويف,سمسطا,سمسطا,كوم النور,6.0
بنى سويف,سمسطا,سمسطا,الريغة البحرية,6.0
بنى سويف,سمسطا,سمسطا,عزبة نصر جمعة,6.0
بنى سويف,سمسطا,سمسطا,كوم الرمل القبلى,6.0
بنى سويف,سمسطا,سمسطا,القصبة,5.0
بنى سويف,سمسطا,سمسطا,سربو,5.0
بنى سويف,سمسطا,سمسطا,قفطان الغربية,5.0
بنى سويف,سمسطا,سمسطا,عزبة نصر جمعة,5.0
بنى سويف,سمسطا,سمسطا,مازوره,5.0
بنى سويف,سمسطا,سمسطا,الشيخ عابد,5.0
بنى سويف,سمسطا,سمسطا,كوم الصعايدة,5.0
بنى سويف,سمسطا,سمسطا,الأزهرى,5.0
بنى سويف,سمسطا,سمسطا,الفشن,8.0
بنى سويف,سمسطا,سمسطا,القرية الأولى,8.0
بنى سويف,سمسطا,سمسطا,القرية الثانية,8.0
بنى سويف,سمسطا,سمسطا,القرية الثالثة,8.0
بنى سويف,سمسطا,سمسطا,ببا,7.0
بنى سويف,سمسطا,سمسطا,طلا,5.0
بنى سويف,ناصر,ناصر,المنيب,59.0
بنى سويف,ناصر,ناصر,بنى سويف,5.0
بنى سويف,ناصر,ناصر,إشمنت,5.0
بنى سويف,ناصر,ناصر,بنى عدى,5.0
بنى سويف,ناصر,ناصر,الزيتون,5.0
بنى سويف,ناصر,ناصر,الرياض,7.0
بنى سويف,ناصر,ناصر,بهبشين,5.0
بنى سويف,ناصر,ناصر,دلاص,5.0
بنى سويف,ناصر,ناصر,طنسا بنى مالو,5.0
بنى سويف,ناصر,ناصر,طحا بوش,5.0
بنى سويف,ناصر,ناصر,دنديل,5.0
بنى سويف,ناصر,ناصر,الواسطى,7.0
بنى سويف,ناصر,ناصر,كفر الجزيرة,6.0
بنى سويف,ناصر,ناصر,أبو صير الملق,6.0
بنى سويف,الواسطى,الواسطى,المنيب,57.0
بنى سويف,الواسطى,الواسطى,حلوان,55.0
بنى سويف,الواسطى,الواسطى,بنى سويف,12.0
بنى سويف,الواسطى,الواسطى,المرج,68.0
بنى سويف,الواسطى,الواسطى,الإسكندرية,187.0
بنى سويف,الواسطى,الواسطى,عطف إفوة,5.0
بنى سويف,الواسطى,الواسطى,إفوة,5.0
بنى سويف,الواسطى,الواسطى,ميدوم,6.0
بنى سويف,الواسطى,الواسطى,صفط الشرقية,5.0
بنى سويف,الواسطى,الواسطى,صفط الغربية,6.0
بنى سويف,الواسطى,الواسطى,الحومة,5.0
بنى سويف,الواسطى,الواسطى,قمن العروس,5.0
بنى سويف,الواسطى,الواسطى,كفر أبيج,5.0
بنى سويف,الواسطى,الواسطى,كوم ادريجه,5.0
بنى سويف,الواسطى,الواسطى,كفر بنى عتمان,5.0
بنى سويف,الواسطى,الواسطى,انفسط,7.0
بنى سويف,الواسطى,الواسطى,ونا القس,7.0
بنى سويف,الواسطى,الواسطى,إبويط,7.0
بنى سويف,الواسطى,الواسطى,كوم أبو راضى,7.0
بنى سويف,الواسطى,الواسطى,الميمون,5.0
بنى سويف,الواسطى,الواسطى,بنى حدير,5.0
بنى سويف,الواسطى,الواسطى,معصرة أبو صير,8.0
بنى سويف,الواسطى,الواسطى,أبو صير الملق,10.0
بنى سويف,الواسطى,الواسطى,الديابة,5.0
بنى سويف,الواسطى,الواسطى,أطواب,5.0
بنى سويف,الواسطى,الواسطى,الرقة,5.0
بنى سويف,الواسطى,الواسطى,القطورى,6.0
بنى سويف,الواسطى,الواسطى,جرزا,7.0
بنى سويف,الواسطى,الواسطى,المتانيا,8.0
بنى سويف,الواسطى,الواسطى,كفر عمار,8.0
بنى سويف,الواسطى,الواسطى,العياط,11.0
دمياط,كفر سعد,كفر سعد,دمياط,9.5
دمياط,كفر سعد,كفر سعد,فارسكور,5.5
دمياط,كفر سعد,كفر سعد,دمياط الجديدة,9.5
دمياط,كفر سعد,كفر سعد,ميت أبو غالب,6.5
دمياط,كفر سعد,الوسطانى,جمصة,6.5
دمياط,كفر سعد,كفر سعد,الإصلاح,4.25
دمياط,كفر سعد,كفر سعد,كفر سليمان,3.0
دمياط,كفر سعد,كفر سعد,الوسطانى,10.0
دمياط,كفر سعد,كفر سعد,السوالم,7.0
دمياط,كفر سعد,كفر سعد,كفر شحاتة,6.5
دمياط,كفر سعد,كفر سعد,كفر سعد البلد,5.5
دمياط,كفر سعد,كفر سعد,الزهراء,6.5
دمياط,كفر سعد,كفر سعد,العباسية,5.5
دمياط,كفر سعد,كفر سعد,الإبراهيمية,5.5
دمياط,كفر سعد,الوسطانى,دمياط,13.0
دمياط,كفر سعد,كفر الغاب,دمياط الجديدة,11.0
دمياط,كفر سعد,الوسطانى,دمياط الجديدة,11.0
دمياط,كفر سعد,كفر الغاب,دمياط,16.5
دمياط,كفر سعد,كفر سعد,شربين,13.0
دمياط,كفر سعد,كفر سعد,طلخا,26.0
دمياط,كفر سعد,رأس البر,طلخا,41.0
دمياط,كفر البطيخ,كفر البطيخ,دمياط,6.75
دمياط,كفر البطيخ,كفر البطيخ,دمياط الجديدة,9.5
دمياط,كفر البطيخ,كفر البطيخ,جمصة,6.75
دمياط,كفر البطيخ,أم الرضا,دمياط الجديدة,6.5
دمياط,كفر الغاب,كفر الغاب,شربين,13.0
دمياط,دمياط الجديدة,كفر الشيخ,كفر الشيخ,63.0
دمياط,دمياط,كفر الشيخ,بلطيم,41.0
دمياط,ميت أبو غالب,ميت أبو غالب,دمياط,12.0
دمياط,ميت أبو غالب,ميت أبو غالب,كفر سعد,6.5
دمياط,دمياط,دمياط,فارسكور,7.0
دمياط,دمياط,دمياط,الزرقا,15.75
دمياط,دمياط,دمياط,كفر سعد,9.5
دمياط,دمياط,دمياط,كفر البطيخ,6.75
دمياط,دمياط,دمياط,الروضة,7.0
دمياط,دمياط,دمياط,ميت أبو غالب,12.0
دمياط,دمياط,دمياط,موقف دمياط الجديدة أسفل الكوبرى,9.5
دمياط,دمياط,دمياط,دمياط الجديدة,10.0
دمياط,دمياط,دمياط,الوسطانى,13.0
دمياط,دمياط,دمياط,البصارطة,5.0
دمياط,دمياط,دمياط,عزبة البرج,6.5
دمياط,دمياط,دمياط,كفر الغاب,16.5
دمياط,دمياط,دمياط,جمصة,13.0
دمياط,دمياط,دمياط,كفر سعد البلد,11.25
دمياط,دمياط,دمياط,العباسية,9.5
دمياط,دمياط,دمياط,السوالم,13.0
دمياط,دمياط,دمياط,عزبة البط,5.5
دمياط,دمياط,دمياط,عبود,110.0
دمياط,دمياط,دمياط,القاهرة,125.0
دمياط,دمياط,دمياط,السلام,107.0
دمياط,دمياط,دمياط,الإسكندرية,112.0
دمياط,دمياط,دمياط,بورسعيد,36.0
دمياط,دمياط,دمياط,الإسماعيلية,79.0
دمياط,دمياط,دمياط,المنصورة,30.0
دمياط,دمياط,دمياط,طلخا,30.0
دمياط,دمياط,دمياط,شربين,20.0
دمياط,دمياط,دمياط,المنزلة,25.0
دمياط,دمياط الجديدة,دمياط الجديدة,موقف دمياط أسفل الكوبرى,9.5
دمياط,دمياط الجديدة,دمياط الجديدة,دمياط باب الحرس,10.0
دمياط,دمياط الجديدة,دمياط الجديدة,كفر سعد,9.5
دمياط,دمياط الجديدة,دمياط الجديدة,كفر البطيخ,9.5
دمياط,دمياط الجديدة,دمياط الجديدة,كفر الغاب,11.25
دمياط,دمياط الجديدة,دمياط الجديدة,جمصة,9.5
دمياط,دمياط الجديدة,دمياط الجديدة,أم الرضا,6.5
دمياط,دمياط الجديدة,دمياط الجديدة,القاهرة (صحراوى),138.0
دمياط,دمياط الجديدة,دمياط الجديدة,القاهرة (زراعى),110.0
دمياط,دمياط الجديدة,دمياط الجديدة,بورسعيد,55.0
دمياط,دمياط الجديدة,دمياط الجديدة,المنزلة,38.0
دمياط,دمياط الجديدة,دمياط الجديدة,الجمالية,34.0
دمياط,دمياط الجديدة,دمياط الجديدة,المطرية,42.0
دمياط,دمياط الجديدة,دمياط الجديدة,ميت سلسيل,39.0
دمياط,دمياط الجديدة,دمياط الجديدة,المنصورة,35.0
دمياط,دمياط الجديدة,دمياط الجديدة,بلقاس,19.0
دمياط,دمياط الجديدة,دمياط الجديدة,طلخا,31.0
دمياط,دمياط الجديدة,دمياط الجديدة,شربين,22.0
دمياط,رأس البر,رأس البر,دمياط,9.5
دمياط,رأس البر,رأس البر,دمياط (طريق المطرى),10.0
دمياط,رأس البر,رأس البر,الزرقا,24.5
دمياط,رأس البر,رأس البر,دمياط الجديدة,13.0
دمياط,رأس البر,رأس البر,فارسكور,18.5
دمياط,رأس البر,رأس البر,كفر سعد,15.5
دمياط,رأس البر,رأس البر,كفر البطيخ,12.0
دمياط,رأس البر,رأس البر,جمصة,23.0
دمياط,رأس البر,رأس البر,القاهرة,136.0
دمياط,رأس البر,رأس البر,بورسعيد,65.0
دمياط,رأس البر,رأس البر,الزقازيق,82.0
دمياط,رأس البر,رأس البر,شربين,31.0
دمياط,رأس البر,رأس البر,المحلة الكبرى,60.0
دمياط,الزرقا,الزرقا,القاهرة,92.0
دمياط,الزرقا,الزرقا,المنصورة,19.0
دمياط,الزرقا,الزرقا,الطاهرى,5.5
دمياط,الزرقا,الزرقا,النزل,5.5
دمياط,الزرقا,الزرقا,شربين,10.5
دمياط,الزرقا,الزرقا,منية النصر,6.5
دمياط,الزرقا,الزرقا,دمياط,15.5
دمياط,الزرقا,الزرقا,فارسكور,7.25
دمياط,الزرقا,الزرقا,رأس البر,24.5
دمياط,الزرقا,الزرقا,دمياط الجديدة,18.75
دمياط,الزرقا,الزرقا,شرمساح,3.25
دمياط,الزرقا,الزرقا,سيف الدين,4.5
دمياط,الزرقا,الزرقا,السرو,4.5
دمياط,الزرقا,الزرقا,عزبة الباز,4.5
دمياط,الوسطانى,الوسطانى,شربين,13.5
دمياط,فارسكور,فارسكور,المنصورة,24.0
دمياط,فارسكور,فارسكور,دمياط,7.0
دمياط,فارسكور,فارسكور,الزرقا,7.25
دمياط,فارسكور,فارسكور,كفر سعد,7.25
دمياط,فارسكور,فارسكور,رأس البر,18.5
دمياط,فارسكور,فارسكور,الروضة,4.5
دمياط,فارسكور,فارسكور,دمياط الجديدة,13.0
دمياط,فارسكور,فارسكور,تفتيش السرو,7.0
دمياط,فارسكور,فارسكور,الرحامنة,4.5
دمياط,فارسكور,فارسكور,شرباص,4.25
دمياط,فارسكور,فارسكور,الناصرية,4.25
دمياط,فارسكور,فارسكور,كفرالعرب,4.25
دمياط,فارسكور,فارسكور,الغنيمية,4.25
دمياط,فارسكور,فارسكور,كرم ورزوق,5.25
دمياط,فارسكور,فارسكور,الطرحة,4.25
دمياط,الروضة,الروضة,دمياط,7.0
دمياط,الروضة,الروضة,فارسكور,4.5
دمياط,الروضة,الروضة,تفتيش السرو,5.25
دمياط,الروضة,الروضة,دمياط الجديدة,14.0
المنوفية,الباجور,الباجور,المؤسسة,27.0
المنوفية,الباجور,الباجور,المؤسسة (الطريق الإقليمى),30.5
المنوفية,الباجور,الباجور,6 اكتوبر,41.0
المنوفية,الباجور,الباجور,السادات,33.5
المنوفية,الباجور,الباجور,بنها,13.0
المنوفية,الباجور,الباجور,اسطنها,9.5
المنوفية,الباجور,الباجور,ابشيش,9.0
المنوفية,الباجور,الباجور,تلبنت اشيش,9.0
المنوفية,الباجور,الباجور,ميت الوسطى,9.0
المنوفية,الباجور,الباجور,ميت البيضا,7.0
المنوفية,الباجور,الباجور,سنتريس,9.5
المنوفية,الباجور,الباجور,سمان,9.0
المنوفية,الباجور,الباجور,الخضرة,9.0
المنوفية,الباجور,الباجور,بير شمس,9.0
المنوفية,الباجور,الباجور,الغنامية,6.5
المنوفية,الباجور,الباجور,بى العرب,6.5
المنوفية,الباجور,الباجور,شبين الكوم,10.0
المنوفية,الباجور,الباجور,كوم الضبع,5.5
المنوفية,الباجور,الباجور,شنوان,6.0
المنوفية,الباجور,الباجور,منوف,9.0
المنوفية,الباجور,الباجور,جروان,4.5
المنوفية,الباجور,الباجور,ميت عفيف,10.0
المنوفية,الباجور,الباجور,مشيرف,10.0
المنوفية,الباجور,الباجور,كفر شبرا زنجى,6.5
المنوفية,الباجور,الباجور,سرس الليان,7.0
المنوفية,الباجور,الباجور,فيشا الصغرى,9.0
المنوفية,الباجور,الباجور,تلوانة,9.0
المنوفية,الباجور,الباجور,كفر الباجور,5.5
المنوفية,الباجور,الباجور,كفر سنجلف,5.5
المنوفية,الباجور,الباجور,بهناى,9.0
المنوفية,الباجور,الباجور,كفر محمود,10.0
المنوفية,الباجور,الباجور,الكتامية,10.0
المنوفية,الباجور,الباجور,أبو سنيط,7.0
المنوفية,الباجور,الباجور,القرنين,7.0
المنوفية,الباجور,الباجور,سبك الضحاك,7.0
المنوفية,الباجور,الباجور,مناوهلة,9.0
المنوفية,الباجور,الباجور,كفر مناوهلة,9.0
المنوفية,تلا,تلا,عبود,43.0
المنوفية,تلا,تلا,الإسكندرية,69.0
المنوفية,تلا,تلا,السادات,35.0
المنوفية,تلا,تلا,طنطا,10.5
المنوفية,تلا,تلا,الشهداء,9.5
المنوفية,تلا,تلا,كفر صناديد,6.5
المنوفية,تلا,تلا,القلشى,6.5
المنوفية,تلا,تلا,البندارية,6.5
المنوفية,تلا,تلا,ميت أبو الكوم,6.5
المنوفية,تلا,تلا,كفر عسكر,5.5
المنوفية,تلا,تلا,زاوية بمم,5.5
المنوفية,تلا,تلا,طبلوها,5.5
المنوفية,تلا,تلا,كفر العرب,5.5
المنوفية,تلا,تلا,بمم,5.5
المنوفية,تلا,تلا,زنارة,6.0
المنوفية,تلا,تلا,الكمايشة,5.5
المنوفية,تلا,تلا,كفر زرقان,5.5
المنوفية,تلا,تلا,قشطوخ,6.5
المنوفية,تلا,تلا,كفر بتبس,6.5
المنوفية,تلا,تلا,كفر السكرية,6.5
المنوفية,تلا,تلا,سماليج,6.5
المنوفية,تلا,تلا,كفر الشيخ عبيد,6.5
المنوفية,تلا,تلا,كفر القلشى,6.5
المنوفية,تلا,تلا,كفر شحاتة,6.5
المنوفية,تلا,تلا,كفر سماليج,6.5
المنوفية,تلا,تلا,شبرا بتوش,6.5
المنوفية,تلا,تلا,بابل,6.5
المنوفية,تلا,تلا,طوخ دلكة,6.5
المنوفية,تلا,تلا,ميت الكرام,6.5
المنوفية,تلا,تلا,كفر العلوى,6.5
المنوفية,تلا,تلا,صفط الجدام,6.5
المنوفية,تلا,تلا,طنوب,9.5
المنوفية,تلا,تلا,كفر ربيع,9.5
المنوفية,تلا,تلا,كفر الشرفا الغرب,9.5
المنوفية,تلا,تلا,كوم مازن,9.5
المنوفية,تلا,تلا,كمشيش,7.0
المنوفية,تلا,تلا,شبين الكوم,11.5
المنوفية,تلا,تلا,زرقان,7.0
المنوفية,تلا,تلا,بروى,7.0
المنوفية,تلا,تلا,كفر جنزوز,6.5
المنوفية,تلا,زرقان,كمشيش,5.5
المنوفية,تلا,زاوية بمم,طنطا,9.5
المنوفية,السادات,كفر داوود,السادات,14.5
المنوفية,السادات,كفر داوود,منوف,11.5
المنوفية,السادات,كفر داوود,طملاى,6.5
المنوفية,السادات,كفر داوود,شبين الكوم,16.0
المنوفية,السادات,كفر داوود,الطرانة,5.5
المنوفية,السادات,كفر داوود,الأخماس,5.5
المنوفية,السادات,كفر داوود,الخطاطبة,6.5
المنوفية,السادات,الخطاطبة,السادات,20.5
المنوفية,السادات,الخطاطبة,الطرانة,5.5
المنوفية,السادات,السادات,الجيزة,52.0
المنوفية,السادات,السادات,6 اكتوبر,50.0
المنوفية,السادات,السادات,المحور,47.0
المنوفية,السادات,السادات,النوبارية,36.5
المنوفية,السادات,السادات,شبين الكوم,29.5
المنوفية,السادات,السادات,منوف,27.5
المنوفية,السادات,السادات,قويسنا,32.0
المنوفية,السادات,السادات,العراقية,26.0
المنوفية,السادات,السادات,الشهداء,28.0
المنوفية,السادات,السادات,الإسكندرية,62.0
المنوفية,السادات,السادات,العامرية,52.0
المنوفية,السادات,السادات,وادى النطرون,12.5
المنوفية,السادات,السادات,قرية عدنان المدنى,9.0
المنوفية,السادات,السادات,ميت غمر,64.0
المنوفية,السادات,السادات,بنها,56.0
المنوفية,السادات,السادات,طنطا,56.0
المنوفية,السادات,السادات,مدينة بدر,23.5
المنوفية,السادات,السادات,كود حمادة,30.0
المنوفية,السادات,السادات,أشمون,30.0
المنوفية,السادات,السادات,سرس الليان,25.0
المنوفية,سرس الليان,سرس الليان,المظلات (الطريق القديم),27.5
المنوفية,سرس الليان,سرس الليان,المظلات (الطريق الحر),26.5
المنوفية,سرس الليان,سرس الليان,مدينة السلام,30.5
المنوفية,سرس الليان,سرس الليان,6 اكتوبر,33.0
المنوفية,سرس الليان,سرس الليان,السادات,25.0
المنوفية,سرس الليان,سرس الليان,شبين الكوم,11.5
المنوفية,سرس الليان,سرس الليان,منوف,5.5
المنوفية,سرس الليان,سرس الليان,الباجور,7.0
المنوفية,سرس الليان,سرس الليان,تلوانة,7.0
المنوفية,منوف,منوف,عبود,33.0
المنوفية,منوف,منوف,مدينة السلام,36.0
المنوفية,منوف,منوف,6 اكتوبر,46.0
المنوفية,منوف,منوف,الإسكندرية,73.0
المنوفية,منوف,منوف,شبين الكوم,11.5
المنوفية,منوف,منوف,الباجور,9.0
المنوفية,منوف,منوف,تلوانة,9.0
المنوفية,منوف,منوف,الشهداء,9.5
المنوفية,منوف,منوف,برهيم,6.5
المنوفية,منوف,منوف,بلمشط,6.5
المنوفية,منوف,منوف,الخمسين,6.5
المنوفية,منوف,منوف,جزى,7.0
المنوفية,منوف,منوف,صنصفط,8.0
المنوفية,منوف,منوف,طملاى,9.0
المنوفية,منوف,منوف,بهواش,8.0
المنوفية,منوف,منوف,ساقية المنقدى,9.0
المنوفية,منوف,منوف,سدود,6.0
المنوفية,منوف,منوف,رملة الأنجب,9.5
المنوفية,منوف,منوف,كمشوش,6.5
المنوفية,منوف,منوف,منشأة سلطان,7.0
المنوفية,منوف,منوف,سنجرج,7.0
المنوفية,منوف,منوف,سرس الليان,5.5
المنوفية,منوف,منوف,أشمون,10.5
المنوفية,منوف,منوف,شما,10.5
المنوفية,منوف,منوف,السادات,37.5
المنوفية,منوف,منوف,كفر فيشا الكبرى,6.0
المنوفية,منوف,منوف,فيشا الكبرى,6.5
المنوفية,منوف,منوف,شبرا بلولة,6.5
المنوفية,منوف,منوف,دمليج,9.0
المنوفية,منوف,منوف,العراقية,8.0
المنوفية,منوف,منوف,دبركى,7.0
المنوفية,منوف,منوف,كفر داوود,11.5
المنوفية,منوف,منوف,تتا,6.5
المنوفية,منوف,منوف,كلية الهندسة,5.0
المنوفية,منوف,منوف,زاوية رزين,9.5
المنوفية,منوف,منوف,كفر العشرى,5.5
المنوفية,منوف,منوف,شبشير طملاى,9.5
المنوفية,منوف,منوف,كفر السنابسة,6.5
المنوفية,منوف,منوف,مركز بدر,25.0
المنوفية,منوف,منوف,معدية عبد العليم (مركز كوم حمادة),11.5
المنوفية,منوف,منوف,عبود (الطريق الإقليمى),43.0
المنوفية,منوف,منوف,سروهيت,7.0
المنوفية,منوف,منوف,الإسكندرية,86.0
المنوفية,قويسنا,قويسنا,عبود,31.0
المنوفية,قويسنا,قويسنا,مدينة السلام,32.0
المنوفية,قويسنا,قويسنا,الزهور,36.5
المنوفية,قويسنا,قويسنا,العاشر من رمضان,46.5
المنوفية,قويسنا,قويسنا,السادات,33.0
المنوفية,قويسنا,قويسنا,6 اكتوبر,50.0
المنوفية,قويسنا,قويسنا,الإسكندرية,70.0
المنوفية,قويسنا,قويسنا,طنطا,16.5
المنوفية,قويسنا,قويسنا,بنها,9.5
المنوفية,قويسنا,قويسنا,شبين الكوم,10.0
المنوفية,قويسنا,قويسنا,بركة السبع,9.0
المنوفية,قويسنا,قويسنا,مصطاى,8.5
المنوفية,قويسنا,قويسنا,الرمالى,8.5
المنوفية,قويسنا,قويسنا,بنى غريان,8.5
المنوفية,قويسنا,قويسنا,أم خنان,10.0
المنوفية,قويسنا,قويسنا,كفر الأكرم,8.0
المنوفية,قويسنا,قويسنا,طه شبرا,6.0
المنوفية,قويسنا,قويسنا,كفر أبو الحسن,6.0
المنوفية,قويسنا,قويسنا,كفر هلال,9.0
المنوفية,قويسنا,قويسنا,كفور الرمل,6.5
المنوفية,قويسنا,قويسنا,عرب الرمل,5.5
المنوفية,قويسنا,قويسنا,منشأة دملو,5.5
المنوفية,قويسنا,قويسنا,كفر إبهنس,5.5
المنوفية,قويسنا,قويسنا,أجهور,5.5
المنوفية,قويسنا,قويسنا,أشليم,5.5
المنوفية,قويسنا,قويسنا,شرانيس,5.5
المنوفية,قويسنا,قويسنا,إبنهس,5.5
المنوفية,قويسنا,قويسنا,المنطقة الصناعية,6.0
المنوفية,قويسنا,قويسنا,قويسنا,5.5
المنوفية,قويسنا,قويسنا,كفر المنشى,6.0
المنوفية,قويسنا,قويسنا,ميت بره,8.0
المنوفية,قويسنا,قويسنا,بجيرم,5.5
المنوفية,قويسنا,قويسنا,دمهوج,8.0
المنوفية,قويسنا,قويسنا,شبرا بخوم,8.5
المنوفية,قويسنا,قويسنا,شبرا قبالة,7.0
المنوفية,قويسنا,قويسنا,منشية العرب,6.0
المنوفية,قويسنا,قويسنا,مدينة بدر,46.5
المنوفية,قويسنا,ميت بره,بنها,9.5
المنوفية,الشهداء,الشهداء,عبود,42.0
المنوفية,الشهداء,الشهداء,6 اكتوبر,51.0
المنوفية,الشهداء,الشهداء,الإسكندرية,62.0
المنوفية,الشهداء,الشهداء,طنطا,16.0
المنوفية,الشهداء,الشهداء,شبين الكوم,10.0
المنوفية,الشهداء,الشهداء,تلا,9.5
المنوفية,الشهداء,الشهداء,منوف,9.5
المنوفية,الشهداء,الشهداء,دنشواى,5.5
المنوفية,الشهداء,الشهداء,أبو كلس,7.0
المنوفية,الشهداء,الشهداء,دناصور,7.0
المنوفية,الشهداء,الشهداء,بشتامى,9.0
المنوفية,الشهداء,الشهداء,زاوية البقلى,9.0
المنوفية,الشهداء,الشهداء,عمروس,9.0
المنوفية,الشهداء,الشهداء,إبشادى,7.0
المنوفية,الشهداء,الشهداء,كفر عشما,5.5
المنوفية,الشهداء,الشهداء,عشما,5.5
المنوفية,الشهداء,الشهداء,سلامون,5.5
المنوفية,الشهداء,الشهداء,كفر الجلابطة,5.5
المنوفية,الشهداء,الشهداء,العراقية,6.0
المنوفية,الشهداء,الشهداء,نادر,9.0
المنوفية,الشهداء,الشهداء,زاوية الناعورة,9.0
المنوفية,الشهداء,الشهداء,كفر دنشواى,9.0
المنوفية,الشهداء,الشهداء,شمياطس,7.0
المنوفية,الشهداء,الشهداء,ساحل الجوابر,7.0
المنوفية,الشهداء,الشهداء,كفر الجمالة,7.0
المنوفية,الشهداء,الشهداء,دراجيل,8.0
المنوفية,الشهداء,الشهداء,كفر السولمية,7.0
المنوفية,الشهداء,الشهداء,كفر الشبع,7.0
المنوفية,الشهداء,الشهداء,سرسموس,6.0
المنوفية,الشهداء,الشهداء,كفر سرسموس,6.0
المنوفية,الشهداء,الشهداء,البتانون,6.0
المنوفية,الشهداء,الشهداء,كمشيش,5.5
المنوفية,الشهداء,الشهداء,السادات,28.0
المنوفية,الشهداء,الشهداء,مدينة بدر,58.0
المنوفية,الشهداء,نادر,عبود,42.0
المنوفية,الشهداء,نادر,شبين الكوم,12.5
المنوفية,الشهداء,العراقية,السادات,26.0
المنوفية,الشهداء,العراقية,الطبرانى,36.5
المنوفية,الشهداء,العراقية,شبين الكوم,10.0
المنوفية,بركة السبع,بركة السبع,الزهور,31.0
المنوفية,بركة السبع,بركة السبع,عبود,33.0
المنوفية,بركة السبع,بركة السبع,السلام,33.0
المنوفية,بركة السبع,بركة السبع,6 اكتوبر,51.0
المنوفية,بركة السبع,بركة السبع,الإسكندرية,62.5
المنوفية,بركة السبع,بركة السبع,طنطا,10.5
المنوفية,بركة السبع,بركة السبع,شبين الكوم (طريق القاصد),7.0
المنوفية,بركة السبع,بركة السبع,شبين الكوم (طريق الدبايبة),9.0
المنوفية,بركة السبع,بركة السبع,جنزور,5.5
المنوفية,بركة السبع,بركة السبع,شنتنا الحجر,5.0
المنوفية,بركة السبع,بركة السبع,أبو مشهور,5.5
المنوفية,بركة السبع,بركة السبع,الروضة,5.0
المنوفية,بركة السبع,بركة السبع,الشهيد فكرى,5.5
المنوفية,بركة السبع,بركة السبع,ميت فارس,5.5
المنوفية,بركة السبع,بركة السبع,كفر مليج,5.5
المنوفية,بركة السبع,بركة السبع,الدبايبة,5.5
المنوفية,بركة السبع,بركة السبع,طنبشا,5.5
المنوفية,بركة السبع,بركة السبع,كفر عليم,5.0
المنوفية,بركة السبع,بركة السبع,كفر هورين,5.5
المنوفية,بركة السبع,بركة السبع,هورين,5.5
المنوفية,بركة السبع,بركة السبع,كفر هلال,6.5
المنوفية,بركة السبع,بركة السبع,كفر نفرة,6.5
المنوفية,بركة السبع,بركة السبع,الحلامشة,5.5
المنوفية,بركة السبع,بركة السبع,طوخ طنبشا,5.5
المنوفية,بركة السبع,بركة السبع,مليج,5.5
المنوفية,بركة السبع,بركة السبع,قويسنا,9.0
المنوفية,بركة السبع,بركة السبع,كفر الحمايدة,5.0
المنوفية,بركة السبع,بركة السبع,الجعفرية,5.5
المنوفية,بركة السبع,كفر هلال,قويسنا,9.0
المنوفية,شبين الكوم,شبين الكوم,كفر المصيلحة,5.0
المنوفية,شبين الكوم,شبين الكوم,الراهب,5.5
المنوفية,شبين الكوم,شبين الكوم,الماى,5.5
المنوفية,شبين الكوم,شبين الكوم,منشأة شنوان,5.5
المنوفية,شبين الكوم,شبين الكوم,الدلاتون,6.5
المنوفية,شبين الكوم,شبين الكوم,مناوهلة,10.0
المنوفية,شبين الكوم,شبين الكوم,المصيلحة,5.5
المنوفية,شبين الكوم,شبين الكوم,ميت خلف,5.5
المنوفية,شبين الكوم,شبين الكوم,ميت مسعود,5.5
المنوفية,شبين الكوم,شبين الكوم,اصطبارى,6.0
المنوفية,شبين الكوم,شبين الكوم,شبرا خلفون,7.0
المنوفية,شبين الكوم,شبين الكوم,زوير,5.5
المنوفية,شبين الكوم,شبين الكوم,سلكا,6.5
المنوفية,شبين الكوم,شبين الكوم,ميت الموز,7.0
المنوفية,شبين الكوم,شبين الكوم,كفر داوود,16.0
المنوفية,شبين الكوم,شبين الكوم,ميت سراج,7.0
المنوفية,شبين الكوم,شبين الكوم,العجايزة,10.0
المنوفية,شبين الكوم,شبين الكوم,أم خنان,10.0
المنوفية,شبين الكوم,شبين الكوم,ميت خاقان,5.5
المنوفية,شبين الكوم,شبين الكوم,كفر طنبدى,5.5
المنوفية,شبين الكوم,شبين الكوم,شنوان,6.5
المنوفية,شبين الكوم,شبين الكوم,الكوم الأخضر,6.5
المنوفية,شبين الكوم,شبين الكوم,البتانون,6.5
المنوفية,شبين الكوم,شبين الكوم,طنبدى,5.5
المنوفية,شبين الكوم,شبين الكوم,كفر البتانون,6.0
المنوفية,شبين الكوم,شبين الكوم,ميت موسى,7.0
المنوفية,شبين الكوم,شبين الكوم,مليج,5.5
المنوفية,شبين الكوم,شبين الكوم,منشأة عصام,6.5
المنوفية,شبين الكوم,شبين الكوم,بخاتى,6.5
المنوفية,شبين الكوم,شبين الكوم,طريق البتانون,9.0
المنوفية,شبين الكوم,شبين الكوم,شنوفة,6.5
المنوفية,شبين الكوم,شبين الكوم,دكما,6.5
المنوفية,شبين الكوم,شبين الكوم,الشهداء,9.0
المنوفية,شبين الكوم,شبين الكوم,العراقية,10.0
المنوفية,شبين الكوم,شبين الكوم,بتبس,10.0
المنوفية,شبين الكوم,شبين الكوم,كفر السكرية,10.0
المنوفية,شبين الكوم,شبين الكوم,بابل,10.5
المنوفية,شبين الكوم,شبين الكوم,سفاجا,390.0
المنوفية,شبين الكوم,شبين الكوم,مدينة بدر,58.0
المنوفية,شبين الكوم,شبين الكوم,الغردقة,290.0
المنوفية,شبين الكوم,شبين الكوم,شرم الشيخ,373.0
المنوفية,شبين الكوم,شبين الكوم,دهب,308.0
المنوفية,شبين الكوم,شبين الكوم,نويبع,297.0
المنوفية,شبين الكوم,شبين الكوم,عبود,33.0
المنوفية,شبين الكوم,شبين الكوم,مدينة السلام,35.0
المنوفية,شبين الكوم,شبين الكوم,6 اكتوبر,51.0
المنوفية,شبين الكوم,شبين الكوم,الإسكندرية,77.0
المنوفية,شبين الكوم,شبين الكوم,طنطا,16.0
المنوفية,شبين الكوم,شبين الكوم,المحلة الكبرى,29.5
المنوفية,شبين الكوم,شبين الكوم,المنصورة,36.0
المنوفية,شبين الكوم,شبين الكوم,بنها,16.0
المنوفية,شبين الكوم,شبين الكوم,قويسنا,10.0
المنوفية,شبين الكوم,شبين الكوم,بركة السبع (طريق القاصد),7.0
المنوفية,شبين الكوم,شبين الكوم,بركة السبع (طريق الدبايبة),9.0
المنوفية,شبين الكوم,شبين الكوم,الشهداء,10.0
المنوفية,شبين الكوم,شبين الكوم,تلا,11.5
المنوفية,شبين الكوم,شبين الكوم,منوف,11.5
المنوفية,شبين الكوم,شبين الكوم,نادر,12.5
المنوفية,شبين الكوم,شبين الكوم,الباجور,10.0
المنوفية,شبين الكوم,شبين الكوم,سرس الليان,11.5
المنوفية,شبين الكوم,شبين الكوم,أشمون,18.0
المنوفية,شبين الكوم,شبين الكوم,السادات,29.5
المنوفية,أشمون,أشمون,المظلات,25.0
المنوفية,أشمون,أشمون,المؤسسة,25.0
المنوفية,أشمون,أشمون,السادات,3.0
المنوفية,أشمون,أشمون,6 اكتوبر,45.0
المنوفية,أشمون,أشمون,القناطر,16.0
المنوفية,أشمون,أشمون,شبين الكوم,18.0
المنوفية,أشمون,أشمون,دروة,9.0
المنوفية,أشمون,أشمون,رملة الأنجب,8.0
المنوفية,أشمون,أشمون,النعناعية,8.5
المنوفية,أشمون,أشمون,أبو رقبة,7.0
المنوفية,أشمون,أشمون,كفر قورص,7.0
المنوفية,أشمون,أشمون,مجريا,7.0
المنوفية,أشمون,أشمون,شنشور,8.5
المنوفية,أشمون,أشمون,سمادون,5.5
المنوفية,أشمون,أشمون,شعشاع,8.0
المنوفية,أشمون,أشمون,كفر الغريب,5.5
المنوفية,أشمون,أشمون,شما,9.0
المنوفية,أشمون,أشمون,طهواى,10.0
المنوفية,أشمون,أشمون,دلهمو,10.0
المنوفية,أشمون,أشمون,أبو عوالى,5.5
المنوفية,أشمون,أشمون,جريس,6.5
المنوفية,أشمون,أشمون,سنتريس,7.0
المنوفية,أشمون,أشمون,طليا,6.5
المنوفية,أشمون,أشمون,محلة سبك,5.5
المنوفية,أشمون,أشمون,البرانية,8.0
المنوفية,أشمون,أشمون,الكوادى,9.0
المنوفية,أشمون,أشمون,كفر السيد,5.5
المنوفية,أشمون,أشمون,الخور,5.5
المنوفية,أشمون,أشمون,الحلواصى,8.0
المنوفية,أشمون,أشمون,مؤنسة,8.0
المنوفية,أشمون,أشمون,شوشاى,7.0
المنوفية,أشمون,أشمون,بنها,33.0
المنوفية,أشمون,أشمون,الإسكندرية,83.0
المنوفية,أشمون,أشمون,بوهة شطانوف,7.0
المنوفية,أشمون,سنتريس,الباجور,9.5
المنوفية,أشمون,سنتريس,القناطر,10.5
المنوفية,أشمون,سنتريس,ساقية أبو شعرة,5.5
المنوفية,أشمون,سنتريس,كفر الحما,8.5
المنوفية,أشمون,شنشور,الخضرة,5.5
المنوفية,أشمون,شنشور,المؤسسة,74.0
المنوفية,أشمون,الرملة,منوف,9.5
المنوفية,أشمون,الرملة,عزبة الفرعونية,9.5
المنوفية,أشمون,طليا,القناطر,7.0
المنوفية,أشمون,ساقية أبو شعرة,القناطر,5.5
الدقهلية,المنصورة,الأتوبيس الجديد,6 اكتوبر,78.0
الدقهلية,المنصورة,الأتوبيس الجديد,مدينة بدر,72.5
الدقهلية,المنصورة,الأتوبيس الجديد,دمياط الجديدة,34.5
الدقهلية,المنصورة,الأتوبيس الجديد,عبود,59.0
الدقهلية,المنصورة,الأتوبيس الجديد,السلام,61.0
الدقهلية,المنصورة,الأتوبيس الجديد,الإسكندرية,119.0
الدقهلية,المنصورة,الأتوبيس الجديد,الإسماعيلية,94.0
الدقهلية,المنصورة,الأتوبيس الجديد,السويس,115.0
الدقهلية,المنصورة,الأتوبيس الجديد,الزقازيق,30.5
الدقهلية,المنصورة,الأتوبيس الجديد,دمياط,30.0
الدقهلية,المنصورة,الأتوبيس الجديد,فارسكور,23.75
الدقهلية,المنصورة,الأتوبيس الجديد,الزرقا,19.25
الدقهلية,المنصورة,الأتوبيس الجديد,العاشر من رمضان,57.0
الدقهلية,المنصورة,الأتوبيس الجديد,المنزلة,26.5
الدقهلية,المنصورة,الأتوبيس الجديد,الجمالية,23.75
الدقهلية,المنصورة,الأتوبيس الجديد,بلقاس,11.0
الدقهلية,المنصورة,الأتوبيس الجديد,منية النصر,13.25
الدقهلية,المنصورة,الأتوبيس الجديد,ميت غمر,17.0
الدقهلية,المنصورة,الأتوبيس الجديد,السنبلاوين,9.5
الدقهلية,المنصورة,الأتوبيس الجديد,الغردقة,313.5
الدقهلية,المنصورة,الأتوبيس الجديد,المطرية,28.5
الدقهلية,المنصورة,قولونجيل,شربين,10.75
الدقهلية,المنصورة,قولونجيل,دكرنس,10.75
الدقهلية,المنصورة,قولونجيل,محلة الدمنة,5.0
الدقهلية,المنصورة,قولونجيل,بدواى,7.25
الدقهلية,المنصورة,قولونجيل,البارمون,5.0
الدقهلية,المنصورة,قولونجيل,كفر البرامون,5.0
الدقهلية,المنصورة,قولونجيل,البدالة,4.5
الدقهلية,المنصورة,قولونجيل,الدنابيق,4.5
الدقهلية,المنصورة,قولونجيل,شبرا وبدين,4.5
الدقهلية,المنصورة,قولونجيل,الخيارية,4.25
الدقهلية,المنصورة,قولونجيل,كفر الأعجر,5.25
الدقهلية,المنصورة,قولونجيل,ديمشلت,5.25
الدقهلية,المنصورة,موقف سندوب العمومى,الزهور,52.0
الدقهلية,المنصورة,موقف سندوب العمومى,مدينة بدر,72.75
الدقهلية,المنصورة,موقف سندوب العمومى,ميت غمر,13.5
الدقهلية,المنصورة,موقف سندوب العمومى,أجا,8.0
الدقهلية,المنصورة,موقف سندوب العمومى,السنبلاوين,8.75
الدقهلية,المنصورة,موقف سندوب العمومى,كفر صقر,20.5
الدقهلية,المنصورة,موقف سندوب العمومى,نقيطة,4.5
الدقهلية,المنصورة,موقف سندوب العمومى,سلكا,4.5
الدقهلية,المنصورة,موقف سندوب العمومى,منية سندوب,4.25
الدقهلية,المنصورة,موقف سندوب العمومى,برج النور,5.25
الدقهلية,المنصورة,موقف سندوب العمومى,بلجاى,4.25
الدقهلية,المنصورة,موقف سندوب العمومى,البقلية,4.25
الدقهلية,المنصورة,موقف سندوب العمومى,ميت الأكراد,4.25
الدقهلية,المنصورة,موقف سندوب العمومى,دماص,10.0
الدقهلية,المنصورة,كوم الدربى,شاوه,4.25
الدقهلية,المنصورة,كوم الدربى,كود الدربى,4.25
الدقهلية,المنصورة,كوم الدربى,تلبانة,4.5
الدقهلية,المنصورة,كوم الدربى,تمى الأمديد,8.0
الدقهلية,المنصورة,طناح,ميت فارس,10.75
الدقهلية,المنصورة,طناح,بنى عبيد,11.75
الدقهلية,المنصورة,طناح,ميت على,4.5
الدقهلية,المنصورة,طناح,برق العز,4.5
الدقهلية,المنصورة,طناح,طناح,8.0
الدقهلية,المنصورة,طناح,مدينة بدر,72.75
الدقهلية,المنصورة,ميت خميس,أويش الحجر,4.5
الدقهلية,المنصورة,ميت خميس,كفر الشنهاب,4.5
الدقهلية,المنصورة,ميت خميس,منية سمنود,9.25
الدقهلية,المنصورة,ميت خميس,نوسا البحر,6.0
الدقهلية,طلخا,الموقف الجديد,عبود,57.0
الدقهلية,طلخا,الموقف الجديد,الزهور,57.0
الدقهلية,طلخا,الموقف الجديد,الإسكندرية,119.0
الدقهلية,طلخا,الموقف الجديد,طنطا,37.0
الدقهلية,طلخا,الموقف الجديد,بورسعيد,73.5
الدقهلية,طلخا,الموقف الجديد,دمياط,30.0
الدقهلية,طلخا,الموقف الجديد,دمياط الجديدة,31.5
الدقهلية,طلخا,الموقف الجديد,كفر الشيخ,31.5
الدقهلية,طلخا,الموقف الجديد,بيلا,16.5
الدقهلية,طلخا,الموقف الجديد,الحامول,25.5
الدقهلية,طلخا,الموقف الجديد,بلطيم,45.5
الدقهلية,طلخا,الموقف الجديد,نبروه,7.5
الدقهلية,طلخا,الموقف الجديد,المحلة الكبرى,17.5
الدقهلية,طلخا,الموقف الجديد,سمنود,11.0
الدقهلية,طلخا,الموقف الجديد,جمصة,24.5
الدقهلية,طلخا,الموقف الجديد,بسنديلة,9.25
الدقهلية,طلخا,الموقف الجديد,بلقاس,11.0
الدقهلية,طلخا,الموقف الجديد,شربين,10.75
الدقهلية,طلخا,الموقف الجديد,أجا,9.5
الدقهلية,طلخا,الموقف الجديد,السنبلاوين,11.0
الدقهلية,طلخا,موقف ديمره,ديمره,5.75
الدقهلية,طلخا,موقف ديمره,أورمان,4.5
الدقهلية,طلخا,موقف ديمره,المنيل,4.5
الدقهلية,طلخا,موقف ديمره,كفور العرب,4.5
الدقهلية,طلخا,موقف ديمره,كفر الأصالى,5.25
الدقهلية,طلخا,موقف ديمره,كفر ديمره,4.5
الدقهلية,طلخا,موقف ديمره,ميت زنقر,5.75
الدقهلية,طلخا,موقف بطره,بطره,5.75
الدقهلية,طلخا,موقف بطره,شرنقاش,4.5
الدقهلية,طلخا,موقف بطره,الروضة,5.0
الدقهلية,طلخا,موقف ميت عنتر,ميت عنتر,4.0
الدقهلية,طلخا,موقف ميت الكرما,ميت الكرما,4.5
الدقهلية,طلخا,موقف ميت الكرما,المنشية,4.5
الدقهلية,أجا,موقف المنصورة,سندوب,8.0
الدقهلية,أجا,موقف المنصورة,طلخا,9.5
الدقهلية,أجا,موقف المنصورة,نوسا الغيط,4.5
الدقهلية,أجا,الموقف الجديد,الزهور,49.0
الدقهلية,أجا,الموقف الجديد,6 اكتوبر,49.0
الدقهلية,أجا,الموقف الجديد,عبود,48.0
الدقهلية,أجا,الموقف الجديد,السلام,48.0
الدقهلية,أجا,الموقف الجديد,ميت غمر,9.5
الدقهلية,أجا,الموقف الجديد,فيشابنا,6.5
الدقهلية,أجا,الموقف الجديد,منية سمنود,4.5
الدقهلية,أجا,الموقف الجديد,المحلة الكبرى,11.25
الدقهلية,أجا,الموقف الجديد,ميت دمسيس,7.5
الدقهلية,أجا,الموقف الجديد,شبراويش,5.25
الدقهلية,أجا,الموقف الجديد,سماحة,5.75
الدقهلية,أجا,الموقف الجديد,الديرس,5.25
الدقهلية,أجا,الموقف الجديد,ميت أبو الحارث,5.25
الدقهلية,أجا,الموقف الجديد,جراح,5.25
الدقهلية,أجا,الموقف الجديد,سمنود,10.75
الدقهلية,أجا,الموقف الجديد,شنيسة,4.5
الدقهلية,أجا,الموقف الجديد,بقطارس,4.5
الدقهلية,أجا,الموقف الجديد,الدير,5.0
الدقهلية,أجا,الموقف الجديد,سنجيد,5.0
الدقهلية,أجا,الموقف الجديد,نوسا البحر,5.0
الدقهلية,أجا,الموقف الجديد,ميت العامل,5.25
الدقهلية,أجا,الموقف الجديد,أخطاب,8.0
الدقهلية,أجا,الموقف الجديد,الغراقة,5.75
الدقهلية,أجا,الموقف الجديد,ميت فضالة,5.75
الدقهلية,ميت غمر,بحور كوبرى العاشر,مدينة بدر,54.25
الدقهلية,ميت غمر,أمام نفق السكة الجديد,الإسماعيلية,54.25
الدقهلية,ميت غمر,أمام الإدارة الزراعية,ميت القرشى,5.25
الدقهلية,ميت غمر,أمام الإدارة الزراعية,السنبلاوين,10.0
الدقهلية,ميت غمر,محطة الأتوبيس القديم,كوم النور,4.5
الدقهلية,ميت غمر,محطة الأتوبيس القديم,اتميدة,5.0
الدقهلية,ميت غمر,محطة الأتوبيس القديم,ميت محسن,4.5
الدقهلية,ميت غمر,محطة الأتوبيس القديم,أجا,9.5
الدقهلية,ميت غمر,محطة الأتوبيس القديم,سنتماى,4.5
الدقهلية,ميت غمر,محطة الأتوبيس القديم,أوليلة,5.0
الدقهلية,ميت غمر,تقاطع 26 يوليو,إبيس البحيرة,40.25
الدقهلية,ميت غمر,تقاطع 26 يوليو,الإسكندرية,98.5
الدقهلية,ميت غمر,تقاطع 26 يوليو,طنطا,18.0
الدقهلية,ميت غمر,تقاطع 26 يوليو,زفتى,7.5
الدقهلية,ميت غمر,مصر للسياحة,كفر شكر,7.5
الدقهلية,ميت غمر,مصر للسياحة,ميت العز,5.25
الدقهلية,ميت غمر,مصر للسياحة,المعصرة,4.5
الدقهلية,ميت غمر,مصر للسياحة,كفر النعيم,4.5
الدقهلية,ميت غمر,مصر للسياحة,ميت ناجى,4.5
الدقهلية,ميت غمر,مصر للسياحة,سرنجا,4.5
الدقهلية,ميت غمر,مصر للسياحة,ميت أبو خالد,8.0
الدقهلية,ميت غمر,مصر للسياحة,ميت يعيش,8.75
الدقهلية,ميت غمر,مصر للسياحة,هلا,6.5
الدقهلية,ميت غمر,مصر للسياحة,بشلا,4.5
الدقهلية,ميت غمر,مصر للسياحة,فيشابنا,4.5
الدقهلية,ميت غمر,مصر للسياحة,صهرجت,5.5
الدقهلية,ميت غمر,مصر للسياحة,بنها,14.5
الدقهلية,ميت غمر,23 يوليو,الدبونية,5.0
الدقهلية,ميت غمر,23 يوليو,كفور البهايتة,5.25
الدقهلية,ميت غمر,23 يوليو,عبود,42.0
الدقهلية,ميت غمر,23 يوليو,المنصورة,17.0
الدقهلية,ميت غمر,23 يوليو,ميت الفرماوى,5.25
الدقهلية,ميت غمر,23 يوليو,دنديط,5.0
الدقهلية,ميت غمر,23 يوليو,كفر بهيدة,5.0
الدقهلية,ميت غمر,23 يوليو,دماص,5.0
الدقهلية,ميت غمر,23 يوليو,سنفا,5.75
الدقهلية,ميت غمر,23 يوليو,أخطاب,6.5
الدقهلية,ميت غمر,23 يوليو,كفر النعمان,5.0
الدقهلية,ميت غمر,23 يوليو,كفر سرنجا,4.5
الدقهلية,ميت غمر,23 يوليو,التحرير,46.25
الدقهلية,ميت غمر,البرامبل,سندوب,13.25
الدقهلية,ميت غمر,البرامبل,السلام,45.0
الدقهلية,ميت غمر,البرامبل,القاهرة,36.5
الدقهلية,ميت غمر,البرامبل,الزهور,42.0
الدقهلية,ميت غمر,دماص,دماص,10.0
الدقهلية,ميت غمر,دماص,سندوب,10.0
الدقهلية,ميت غمر,شارع العاشر من رمضان,الزقازيق,16.0
الدقهلية,ميت غمر,شارع العاشر من رمضان,العاشر من رمضان,40.0
الدقهلية,دكرنس,النقراشى,عبود,65.0
الدقهلية,دكرنس,النقراشى,السلام,65.0
الدقهلية,دكرنس,النقراشى,المنصورة,10.75
الدقهلية,دكرنس,النقراشى,شربين,8.0
الدقهلية,دكرنس,النقراشى,نجير,4.5
الدقهلية,دكرنس,النقراشى,محلة دمنة,4.5
الدقهلية,دكرنس,النقراشى,ديمشلت,5.0
الدقهلية,دكرنس,النقراشى,المنزلة,13.0
الدقهلية,دكرنس,المنياوى,المحمودية,6.5
الدقهلية,دكرنس,المنياوى,ميت طريف,6.5
الدقهلية,دكرنس,المنياوى,الشركة,9.25
الدقهلية,دكرنس,المنياوى,منشأة عبد الرحمن,6.5
الدقهلية,دكرنس,المنياوى,الصلاحات,5.25
الدقهلية,دكرنس,المنياوى,أشمون الرمان,4.25
الدقهلية,دكرنس,المنياوى,منية النصر,4.5
الدقهلية,دكرنس,المنياوى,بنى عبيد,6.5
الدقهلية,دكرنس,المنياوى,حادوس,9.25
الدقهلية,دكرنس,المنياوى,اليوسيفية,8.0
الدقهلية,دكرنس,المنياوى,ظفر,8.0
الدقهلية,دكرنس,المنياوى,ميت عدلان,4.5
الدقهلية,دكرنس,المنياوى,طناح,5.0
الدقهلية,دكرنس,المنياوى,الكردى,6.5
الدقهلية,دكرنس,المنياوى,ديرب الخضر,6.5
الدقهلية,منية النصر,القاهرة,عبود,66.0
الدقهلية,منية النصر,القاهرة,السلام,65.0
الدقهلية,منية النصر,المنصورة,المنصورة,13.25
الدقهلية,منية النصر,المنصورة,دمياط,14.75
الدقهلية,منية النصر,المنصورة,دكرنس,4.5
الدقهلية,منية النصر,المنصورة,النزل,4.5
الدقهلية,منية النصر,المنصورة,الرياض,5.25
الدقهلية,منية النصر,المنصورة,الزرقا,6.5
الدقهلية,منية النصر,المنصورة,ميت تمامة,4.5
الدقهلية,منية النصر,المنصورة,البجلات,4.5
الدقهلية,منية النصر,المنصورة,الجنينة,4.5
الدقهلية,منية النصر,المنصورة,الكردى,5.0
الدقهلية,ميت سلسيل,المحطة,دمياط الجديدة,39.0
الدقهلية,ميت سلسيل,المحطة,المنصورة,23.25
الدقهلية,ميت سلسيل,المحطة,القاهرة,83.5
الدقهلية,ميت سلسيل,المحطة,بورسعيد,44.25
الدقهلية,ميت سلسيل,الجوابر,المنزلة,5.25
الدقهلية,ميت سلسيل,الجوابر,الإتحاد,5.25
الدقهلية,الجمالية,العمومى,المنصورة,23.75
الدقهلية,الجمالية,العمومى,القاهرة,74.25
الدقهلية,الجمالية,العمومى,بورسعيد,44.75
الدقهلية,الجمالية,العمومى,دمياط,23.25
الدقهلية,الجمالية,العمومى,دمياط الجديدة,34.5
الدقهلية,الجمالية,كوبرى بحارة العيد,المنزلة,4.5
الدقهلية,الجمالية,ميدان الكباس,صان,16.0
الدقهلية,الجمالية,ميدان الكباس,مصر الجديدة,5.0
الدقهلية,الجمالية,كوبرى قشطة,الإسكندرية الجديدة,5.0
الدقهلية,الجمالية,كوبرى قشطة,دكرنس,11.0
الدقهلية,الجمالية,كوبرى قشطة,منية النصر,9.5
الدقهلية,الجمالية,كوبرى قشطة,الرياض,6.5
الدقهلية,الجمالية,كوبرى قشطة,ميت مرجا سلسيل,4.25
الدقهلية,الجمالية,كوبرى قشطة,البصراط,4.25
الدقهلية,الجمالية,كوبرى قشطة,كفور الجمالية,5.0
الدقهلية,الجمالية,كوبرى قشطة,ميت سلسيل,5.0
الدقهلية,الجمالية,كوبرى قشطة,الكردى,5.25
الدقهلية,الجمالية,كوبرى قشطة,كفر علام,6.5
الدقهلية,المنزلة,موقف المنزلة العمومى,عبود,88.0
الدقهلية,المنزلة,موقف المنزلة العمومى,السلام,88.0
الدقهلية,المنزلة,موقف المنزلة العمومى,المنصورة,26.0
الدقهلية,المنزلة,موقف المنزلة العمومى,بورسعيد,45.0
الدقهلية,المنزلة,موقف المنزلة العمومى,دمياط الجديدة,37.75
الدقهلية,المنزلة,موقف المنزلة العمومى,دمياط,25.0
الدقهلية,المنزلة,دكرنس,دكرنس,13.0
الدقهلية,المنزلة,الجمالية,الجمالية,4.5
الدقهلية,المنزلة,النسايمة,النسايمة,5.0
الدقهلية,المنزلة,المطرية,المطرية,5.0
الدقهلية,المنزلة,المطرية,منية النصر,10.0
الدقهلية,المنزلة,المطرية,الأحمدية,4.5
الدقهلية,المنزلة,المطرية,الفروسات,4.5
الدقهلية,المنزلة,المطرية,العزيزة,4.5
الدقهلية,المنزلة,المطرية,العامرة,4.5
الدقهلية,المنزلة,المطرية,المواجد,4.5
الدقهلية,المنزلة,المطرية,المنزلة الجديدة,4.5
الدقهلية,المنزلة,المطرية,الحوتة,4.25
الدقهلية,المنزلة,المطرية,البصراط,4.25
الدقهلية,المنزلة,المطرية,الرياض,8.0
الدقهلية,المنزلة,المطرية,كفر علام,8.0
الدقهلية,المنزلة,المطرية,ميت عاصم,8.0
الدقهلية,المنزلة,المطرية,دمياط الجديدة,42.25
الدقهلية,المنزلة,المطرية,المنزلة,5.0
الدقهلية,المنزلة,المطرية,بورسعيد,40.25
الدقهلية,المنزلة,المطرية,العصافرة,4.25
الدقهلية,المنزلة,المطرية,المنصورة,28.5
الدقهلية,نبروه,مجمع مواقف,طلخا,7.5
الدقهلية,نبروه,بهوت,بهوت,8.0
الدقهلية,نبروه,بهوت,نبروه,6.5
الدقهلية,نبروه,الطيبة,الطيبة,8.0
الدقهلية,نبروه,الطيبة,نبروه,4.5
الدقهلية,نبروه,تيرة,نبروه,8.75
الدقهلية,نبروه,تيرة,تيرة,8.75
الدقهلية,نبروه,تيرة,درين,8.75
الدقهلية,نبروه,تيرة,طلخا,8.75
الدقهلية,نبروه,تيرة,كفر الأبحر,8.75
الدقهلية,نبروه,بانوب,نبروه,7.25
الدقهلية,نبروه,بانوب,ميت عباد,6.5
الدقهلية,نبروه,بانوب,بانوب,10.75
الدقهلية,نبروه,بانوب,طلخا,10.75
الدقهلية,نبروه,نشا,نشا,8.75
الدقهلية,نبروه,نشا,نبروه,4.5
الدقهلية,نبروه,نشا,طلخا,8.75
الدقهلية,نبروه,طنيخ,نبروه,4.5
الدقهلية,نبروه,طنيخ,طنيخ,4.5
الدقهلية,بلقاس,ميدان المحطة,عبود,66.0
الدقهلية,بلقاس,ميدان المحطة,القاهرة,66.0
الدقهلية,بلقاس,ميدان المحطة,المنصورة,11.0
الدقهلية,بلقاس,ميدان المحطة,طلخا,11.0
الدقهلية,بلقاس,ميدان المحطة,دمياط الجديدة,18.5
الدقهلية,بلقاس,جمصة,جمصة,15.25
الدقهلية,بلقاس,جمصة,الجزاير,9.5
الدقهلية,بلقاس,جمصة,شربين,9.25
الدقهلية,بلقاس,جمصة,الملعب,5.25
الدقهلية,بلقاس,جمصة,الدمايرة,5.25
الدقهلية,بلقاس,جمصة,جميانة,5.75
الدقهلية,بلقاس,جمصة,وزير,5.75
الدقهلية,بلقاس,بسنديلة ودمياط,بسنديلة,4.5
الدقهلية,بلقاس,بسنديلة ودمياط,زقلمة,8.0
الدقهلية,بلقاس,بسنديلة ودمياط,القطنة,8.0
الدقهلية,بلقاس,بسنديلة ودمياط,دملاش,5.25
الدقهلية,بلقاس,قراش,قراش,8.0
الدقهلية,بلقاس,أبو دشيشة,أبو دشيشة,5.75
الدقهلية,بلقاس,الكردود,الكردود,5.0
الدقهلية,بلقاس,أبو طه,أبو طه,8.0
الدقهلية,بلقاس,أبو طه,الهلالى,8.0
الدقهلية,بلقاس,قلابشو,قلابشو,10.75
الدقهلية,بلقاس,جالية,جالية,11.0
الدقهلية,بلقاس,الجرايدة,الجرايدة,9.0
الدقهلية,بلقاس,الجرايدة,بيلا,9.0
الدقهلية,بلقاس,شرقية المعصرة,شرقية المعصرة,10.0
الدقهلية,بلقاس,الستامونى والحفير,الستامونى,9.5
الدقهلية,بلقاس,الستامونى والحفير,الخلالة,8.0
الدقهلية,بلقاس,الستامونى والحفير,البنزينة,13.75
الدقهلية,بلقاس,الستامونى والحفير,حفير 57,13.75
الدقهلية,بلقاس,الستامونى والحفير,المعصرة,4.5
الدقهلية,بلقاس,الستامونى والحفير,الحامول,14.5
الدقهلية,بلقاس,الستامونى والحفير,الشوامى,6.5
الدقهلية,شربين,موقف شربين العمومى,دمياط,20.0
الدقهلية,شربين,موقف شربين العمومى,المرج,60.0
الدقهلية,شربين,موقف شربين العمومى,الوسطانى,13.5
الدقهلية,شربين,موقف شربين العمومى,عبود,62.0
الدقهلية,شربين,موقف شربين العمومى,طلخا,11.0
الدقهلية,شربين,موقف شربين العمومى,بطرة,5.0
الدقهلية,شربين,موقف شربين العمومى,المنصورة,10.75
الدقهلية,شربين,موقف شربين العمومى,تفتيش كفر سعد,13.5
الدقهلية,شربين,موقف شربين العمومى,جمصة,17.25
الدقهلية,شربين,موقف شربين العمومى,السلام,61.0
الدقهلية,شربين,موقف كفور الغاب,أم الرزق,8.75
الدقهلية,شربين,موقف كفور الغاب,الصبرية,4.5
الدقهلية,شربين,موقف كفور الغاب,رأس الخليج,8.75
الدقهلية,شربين,موقف كفور الغاب,الأطرش,5.75
الدقهلية,شربين,موقف كفور الغاب,كفر الغاب,13.25
الدقهلية,شربين,موقف كفور الغاب,الوكالة,8.75
الدقهلية,شربين,موقف كفور الغاب,ترعة غنيم,5.0
الدقهلية,شربين,موقف كفور الغاب,العيادية,4.5
الدقهلية,شربين,موقف كفور الغاب,أبو جلال,5.75
الدقهلية,شربين,موقف كفور الغاب,بنيامين,6.5
الدقهلية,شربين,موقف بلقاس,الدبوسى,4.5
الدقهلية,شربين,موقف بلقاس,بلقاس,9.25
الدقهلية,شربين,موقف بلقاس,الشناوى,4.5
الدقهلية,شربين,موقف بلقاس,بسنديلة,5.0
الدقهلية,شربين,الضهرية,الضهرية,5.75
الدقهلية,شربين,الضهرية,دنجواى,4.25
الدقهلية,شربين,الضهرية,العوضية,5.0
الدقهلية,شربين,الضهرية,الأحمدية,4.5
الدقهلية,شربين,دكرنس,دكرنس,8.0
الدقهلية,شربين,دكرنس,بساط,4.5
الدقهلية,شربين,دكرنس,الزرقا,10.75
الدقهلية,شربين,دكرنس,البرامون,5.0
الدقهلية,شربين,الحصص,الحصص,4.25
الدقهلية,شربين,منشأة النصر,منشأة النصر,8.75
الدقهلية,شربين,منشأة النصر,كفر شريف,8.75
الدقهلية,شربين,أبو زاهر,أبو زاهر,5.75
الدقهلية,شربين,كفر الترعة,كفر الترعة,5.25
الدقهلية,شربين,بدواى,بدواى,4.5
الدقهلية,شربين,ديسط,كفر الحطبة,5.0
الدقهلية,شربين,ديسط,ديسط,5.0
الدقهلية,جمصة,موقف جمصة العمومى,عبود,81.0
الدقهلية,جمصة,موقف جمصة العمومى,بلقاس,15.25
الدقهلية,جمصة,موقف جمصة العمومى,شربين,17.25
الدقهلية,جمصة,موقف جمصة العمومى,طلخا,24.5
الدقهلية,جمصة,موقف جمصة العمومى,دمياط الجديدة,12.25
الدقهلية,جمصة,موقف جمصة العمومى,أجا,31.0
الدقهلية,جمصة,موقف جمصة العمومى,الوسطانى,6.5
الدقهلية,السنبلاوين,القاهرة,عبود,60.0
الدقهلية,السنبلاوين,القاهرة,السلام,60.0
الدقهلية,السنبلاوين,المنصورة,المنصورة,9.5
الدقهلية,السنبلاوين,المنصورة,سندوب,8.75
الدقهلية,السنبلاوين,المنصورة,طلخا,11.0
الدقهلية,السنبلاوين,الزقازيق,ديرب نجم,12.75
الدقهلية,السنبلاوين,الزقازيق,الزقازيق,24.0
الدقهلية,السنبلاوين,ميت غمر,البشينى,5.0
الدقهلية,السنبلاوين,ميت غمر,البلامون,5.0
الدقهلية,السنبلاوين,قرقيرة,قرقيرة,5.75
الدقهلية,السنبلاوين,ظفر,ظفر,8.75
الدقهلية,السنبلاوين,ظفر,غزالة,8.75
الدقهلية,السنبلاوين,ظفر,صدقا,8.75
الدقهلية,السنبلاوين,أبو ياسين,أبو ياسين,5.25
الدقهلية,السنبلاوين,كفر صقر,كفر عزام,5.0
الدقهلية,السنبلاوين,كفر صقر,الجلالية,5.0
الدقهلية,السنبلاوين,كفر صقر,كفر غنام,5.0
الدقهلية,السنبلاوين,كفر صقر,كفر صقر,15.25
الدقهلية,السنبلاوين,كفر صقر,صافور,6.5
الدقهلية,السنبلاوين,الحصاينة,طوخ الأقلام,4.25
الدقهلية,السنبلاوين,الحصاينة,نوب,4.25
الدقهلية,السنبلاوين,الحصاينة,الزهايرة,4.25
الدقهلية,السنبلاوين,الحصاينة,الحصاينة,4.25
الدقهلية,السنبلاوين,الحصاينة,ديو الوسطى,4.25
الدقهلية,السنبلاوين,ميت غراب,طنبول,5.0
الدقهلية,السنبلاوين,ميت غراب,ميت غراب,5.0
الدقهلية,السنبلاوين,ميت غراب,شبراهور,5.0
الدقهلية,السنبلاوين,ميت غراب,الأورمان,5.0
الدقهلية,السنبلاوين,ميت غراب,شبرا سندى,5.0
الدقهلية,السنبلاوين,ميت غراب,كفر غنام,5.0
الدقهلية,السنبلاوين,ميت غراب,برقين,5.0
الدقهلية,السنبلاوين,ميت غراب,برهمتوش,5.0
الدقهلية,السنبلاوين,الجلالية,أبو قراميط,4.5
الدقهلية,السنبلاوين,الجلالية,الجلالية,4.5
الدقهلية,السنبلاوين,الجلالية,بشمس,4.5
الدقهلية,السنبلاوين,الجلالية,البكارية,4.5
الدقهلية,السنبلاوين,الجلالية,منشأة أدهم,4.5
الدقهلية,السنبلاوين,الجلالية,كفر قنصوة,4.5
الدقهلية,السنبلاوين,الجلالية,كفر الروك,4.5
الدقهلية,السنبلاوين,الجلالية,المخزن,4.5
الدقهلية,السنبلاوين,الجلالية,التمد,4.5
الدقهلية,السنبلاوين,الجلالية,شبرا قبالة,4.5
الدقهلية,السنبلاوين,الجلالية,طنبارة,4.5
الدقهلية,السنبلاوين,الجلالية,كفر عزام,4.5
الدقهلية,السنبلاوين,الجلالية,كفر الأمير,4.5
الدقهلية,السنبلاوين,الجلالية,القاسمى,4.5
الدقهلية,السنبلاوين,الجلالية,طهواى,4.5
الدقهلية,السنبلاوين,الجلالية,أبو الصير,4.5
الدقهلية,السنبلاوين,السمارة,السمارة,8.0
الدقهلية,السنبلاوين,السمارة,أبو داوود,8.0
الدقهلية,السنبلاوين,السمارة,المقاطعة,8.0
الدقهلية,السنبلاوين,السمارة,الربع,8.0
الدقهلية,السنبلاوين,السمارة,البيضا,8.0
الدقهلية,السنبلاوين,السمارة,تاج العز,8.0
الدقهلية,السنبلاوين,السمارة,المبهى,8.0
الدقهلية,السنبلاوين,السمارة,منشأة السلام,8.0
الدقهلية,السنبلاوين,السمارة,أجا,8.0
الدقهلية,السنبلاوين,السمارة,تمى الأمديد,8.0
الدقهلية,تمى الأمديد,مجمع,سندوب,8.0
الدقهلية,تمى الأمديد,مجمع,السنبلاوين,8.0
الدقهلية,تمى الأمديد,مجمع,ظفر,5.0
الدقهلية,تمى الأمديد,مجمع,ميت صبرى أبو علم,5.0
الدقهلية,تمى الأمديد,مجمع,تاج العز,5.25
الدقهلية,تمى الأمديد,مجمع,صدقا,7.25
الدقهلية,تمى الأمديد,مجمع,الزهور,63.0
الدقهلية,تمى الأمديد,مجمع,أبو الصير,4.25
الدقهلية,تمى الأمديد,مجمع,الربع,4.25
الدقهلية,تمى الأمديد,مجمع,أبو داوود,4.25
الدقهلية,تمى الأمديد,مجمع,البيضا,4.0
الدقهلية,بنى عبيد,ميت فارس,الزهور,59.0
الدقهلية,بنى عبيد,ميت فارس,ميت فارس,4.5
الدقهلية,بنى عبيد,ميت فارس,المنصورة,11.0
الدقهلية,بنى عبيد,الصلاحات,دكرنس,5.25
الدقهلية,بنى عبيد,الصلاحات,الصلاحات,5.25
الدقهلية,بنى عبيد,بنى عبيد,دكرنس,6.5
الدقهلية,بنى عبيد,بنى عبيد,المنصورة,11.75
الدقهلية,بنى عبيد,بنى عبيد,الحدادة,5.0
الدقهلية,بنى عبيد,بنى عبيد,غازى مصبح,4.25
الدقهلية,بنى عبيد,بنى عبيد,ميت عدلان,4.5
الدقهلية,بنى عبيد,بنى عبيد,أبو المعاطى الباز,5.0
الدقهلية,بنى عبيد,بنى عبيد,طلمبا بنى عبيد,5.0
